name,display_name
victor,Victor Fermino
juan,Juan Domingues
girrana,Girrana Rodrigues
lais,Lais Akemi
diego,Diego Borges
victoria,Victoria Roman
eduardo,Eduardo Cecilio
